ticker,date,daily_close,intraday_observations,daily_log_return,daily_return_pct
ABEV3.SA,2026-03-17,15.020000457763672,95,,
ABEV3.SA,2026-03-18,14.770000457763672,95,-0.016784549276841254,-1.6784549276841254
ABEV3.SA,2026-03-19,14.739999771118164,95,-0.00203325630283846,-0.20332563028384598
ABEV3.SA,2026-03-20,14.420000076293944,94,-0.02194873408560527,-2.194873408560527
ABEV3.SA,2026-03-23,14.729999542236328,95,0.021270062249929556,2.1270062249929556
ABEV3.SA,2026-03-24,14.75,94,0.0013568833882540154,0.13568833882540154
ABEV3.SA,2026-03-25,15.0,94,0.016807118316381153,1.6807118316381153
ABEV3.SA,2026-03-26,14.869999885559082,95,-0.0087044483262404,-0.8704448326240399
ABEV3.SA,2026-03-27,14.770000457763672,94,-0.006747625239880595,-0.6747625239880595
ABEV3.SA,2026-03-30,14.869999885559082,95,0.006747625239880595,0.6747625239880595
ABEV3.SA,2026-03-31,15.25,95,0.025233750277450895,2.5233750277450895
ABEV3.SA,2026-04-01,15.399999618530272,95,0.009787981595401174,0.9787981595401174
ABEV3.SA,2026-04-02,15.239999771118164,94,-0.010443949408814657,-1.0443949408814657
ABEV3.SA,2026-04-06,15.489999771118164,95,0.016271104412667103,1.6271104412667103
ABEV3.SA,2026-04-07,15.43000030517578,95,-0.003880953499524775,-0.3880953499524775
ABEV3.SA,2026-04-08,15.90999984741211,94,0.03063414660585506,3.063414660585506
ABEV3.SA,2026-04-09,16.1200008392334,94,0.013112956381101437,1.3112956381101437
ABEV3.SA,2026-04-10,16.15999984741211,95,0.0024782545105233034,0.24782545105233034
ABEV3.SA,2026-04-13,15.979999542236328,94,-0.011201131958538113,-1.1201131958538113
ABEV3.SA,2026-04-14,15.90999984741211,94,-0.0043900789330866274,-0.43900789330866274
ABEV3.SA,2026-04-15,15.829999923706056,94,-0.00504096368566298,-0.504096368566298
ABEV3.SA,2026-04-16,15.420000076293944,94,-0.026241495990431574,-2.6241495990431574
ABEV3.SA,2026-04-17,15.3100004196167,95,-0.007159136005303601,-0.7159136005303601
ABEV3.SA,2026-04-20,15.329999923706056,95,0.001305450829342636,0.1305450829342636
ABEV3.SA,2026-04-22,15.029999732971191,95,-0.019763501908453662,-1.9763501908453662
ABEV3.SA,2026-04-23,14.789999961853027,95,-0.016096911855027596,-1.6096911855027596
ABEV3.SA,2026-04-24,14.520000457763672,95,-0.018424233220394548,-1.8424233220394548
ABEV3.SA,2026-04-27,14.550000190734863,94,0.0020639658033534403,0.20639658033534403
ABEV3.SA,2026-04-28,14.59000015258789,95,0.002745366266656113,0.2745366266656113
ABEV3.SA,2026-04-29,14.350000381469728,94,-0.016586404204196548,-1.6586404204196548
ABEV3.SA,2026-04-30,14.59000015258789,95,0.016586404204196548,1.6586404204196548
ABEV3.SA,2026-05-04,14.460000038146973,94,-0.008950153624360802,-0.8950153624360802
ABEV3.SA,2026-05-05,16.6299991607666,94,0.13982202337108607,13.982202337108607
ABEV3.SA,2026-05-06,16.950000762939453,95,0.01905963609782768,1.9059636097827681
ABEV3.SA,2026-05-07,16.3700008392334,95,-0.034817436188045114,-3.4817436188045114
ABEV3.SA,2026-05-08,16.280000686645508,95,-0.005513039897954819,-0.5513039897954819
ABEV3.SA,2026-05-11,16.25,95,-0.001844493975889261,-0.1844493975889261
ABEV3.SA,2026-05-12,16.149999618530273,95,-0.006172882727497608,-0.6172882727497608
ABEV3.SA,2026-05-13,15.890000343322754,95,-0.016230023893409662,-1.6230023893409662
ABEV3.SA,2026-05-14,15.770000457763672,95,-0.007580572152392939,-0.7580572152392939
ABEV3.SA,2026-05-15,15.729999542236328,95,-0.0025397420335742105,-0.25397420335742105
ABEV3.SA,2026-05-18,15.84000015258789,95,0.0069687080504814425,0.6968708050481442
ABEV3.SA,2026-05-19,15.850000381469728,95,0.000631128371426648,0.0631128371426648
ABEV3.SA,2026-05-20,16.25,94,0.02492338438496633,2.492338438496633
ABEV3.SA,2026-05-21,16.440000534057617,95,0.01162451333754344,1.162451333754344
ABEV3.SA,2026-05-22,16.139999389648438,95,-0.018416797087569936,-1.8416797087569936
ABEV3.SA,2026-05-25,16.3799991607666,95,0.014760402163951802,1.4760402163951802
ABEV3.SA,2026-05-26,16.559999465942383,94,0.010929089517585311,1.092908951758531
ABEV3.SA,2026-05-27,16.600000381469727,95,0.0024126016353442914,0.24126016353442914
ABEV3.SA,2026-05-28,16.270000457763672,95,-0.020079768976211554,-2.0079768976211554
ABEV3.SA,2026-05-29,16.40999984741211,95,0.008567946437139984,0.8567946437139984
ABEV3.SA,2026-06-01,16.399999618530273,94,-0.00060958423372659,-0.060958423372659
ABEV3.SA,2026-06-02,16.420000076293945,95,0.0012187971008823517,0.12187971008823517
ABEV3.SA,2026-06-03,16.06999969482422,95,-0.021545947911667973,-2.1545947911667973
ABEV3.SA,2026-06-05,16.209999084472656,94,0.0086741185093957,0.8674118509395701
ABEV3.SA,2026-06-08,16.010000228881836,95,-0.012414737963610367,-1.2414737963610367
ABEV3.SA,2026-06-09,16.190000534057617,95,0.01118025937162237,1.118025937162237
ABEV3.SA,2026-06-10,16.209999084472656,95,0.0012344785919879975,0.12344785919879975
ABEV3.SA,2026-06-11,16.559999465942383,95,0.02136183743884379,2.136183743884379
ABEV3.SA,2026-06-12,16.59000015258789,95,0.0018099966926783395,0.18099966926783395
B3SA3.SA,2026-03-17,17.600000381469727,94,,
B3SA3.SA,2026-03-18,17.139999389648438,94,-0.026484046158664842,-2.6484046158664842
B3SA3.SA,2026-03-19,16.860000610351562,94,-0.016470888784988258,-1.6470888784988258
B3SA3.SA,2026-03-20,16.110000610351562,94,-0.045503753699483784,-4.550375369948378
B3SA3.SA,2026-03-23,17.239999771118164,94,0.0677920168839532,6.77920168839532
B3SA3.SA,2026-03-24,17.34000015258789,94,0.005783728192820359,0.5783728192820359
B3SA3.SA,2026-03-25,18.020000457763672,94,0.03846629743112251,3.846629743112251
B3SA3.SA,2026-03-26,17.809999465942383,94,-0.01172221026810183,-1.172221026810183
B3SA3.SA,2026-03-27,17.280000686645508,94,-0.030210264202840786,-3.0210264202840786
B3SA3.SA,2026-03-30,17.1200008392334,95,-0.009302383378101187,-0.9302383378101187
B3SA3.SA,2026-03-31,18.39999961853028,94,0.07210322414865233,7.210322414865233
B3SA3.SA,2026-04-01,18.530000686645508,94,0.007040433470260954,0.7040433470260954
B3SA3.SA,2026-04-02,18.600000381469727,94,0.003770523875129772,0.3770523875129772
B3SA3.SA,2026-04-06,18.38999938964844,94,-0.011354595801369438,-1.1354595801369438
B3SA3.SA,2026-04-07,18.0,95,-0.021435247530746437,-2.1435247530746437
B3SA3.SA,2026-04-08,18.76000022888184,94,0.04135519788243869,4.135519788243869
B3SA3.SA,2026-04-09,19.14999961853028,95,0.020575739927962022,2.0575739927962022
B3SA3.SA,2026-04-10,19.489999771118164,94,0.017598806069351713,1.7598806069351713
B3SA3.SA,2026-04-13,19.309999465942383,94,-0.009278432992543273,-0.9278432992543273
B3SA3.SA,2026-04-14,19.65999984741211,94,0.017963038174309442,1.7963038174309442
B3SA3.SA,2026-04-15,19.799999237060547,94,0.0070957922105101545,0.7095792210510155
B3SA3.SA,2026-04-16,19.700000762939453,95,-0.0050632246963600025,-0.5063224696360002
B3SA3.SA,2026-04-17,19.459999084472656,93,-0.012257644760601316,-1.2257644760601316
B3SA3.SA,2026-04-20,19.280000686645508,94,-0.009292704914439565,-0.9292704914439565
B3SA3.SA,2026-04-22,19.030000686645508,95,-0.01305160740646949,-1.305160740646949
B3SA3.SA,2026-04-23,19.0,94,-0.0015777382238826299,-0.15777382238826299
B3SA3.SA,2026-04-24,18.93000030517578,94,-0.0036909978239316743,-0.36909978239316743
B3SA3.SA,2026-04-27,18.75,94,-0.009554228926088815,-0.9554228926088815
B3SA3.SA,2026-04-28,18.540000915527344,94,-0.011263142897517398,-1.1263142897517398
B3SA3.SA,2026-04-29,17.799999237060547,94,-0.04073219508263071,-4.073219508263071
B3SA3.SA,2026-04-30,18.06999969482422,95,0.015054673279332853,1.5054673279332853
B3SA3.SA,2026-05-04,17.8700008392334,94,-0.01112971158101228,-1.112971158101228
B3SA3.SA,2026-05-05,17.950000762939453,94,0.004466781303285483,0.4466781303285483
B3SA3.SA,2026-05-06,18.40999984741211,94,0.025303829518793286,2.5303829518793286
B3SA3.SA,2026-05-07,17.75,95,-0.03650847103524635,-3.650847103524635
B3SA3.SA,2026-05-08,17.950000762939453,94,0.011204641516453062,1.1204641516453062
B3SA3.SA,2026-05-11,17.549999237060547,94,-0.022536250998337337,-2.2536250998337337
B3SA3.SA,2026-05-12,17.270000457763672,95,-0.016082987774661106,-1.6082987774661106
B3SA3.SA,2026-05-13,16.600000381469727,94,-0.039568200322277924,-3.9568200322277924
B3SA3.SA,2026-05-14,16.899999618530273,94,0.0179108810142532,1.79108810142532
B3SA3.SA,2026-05-15,16.68000030517578,94,-0.013103184130343948,-1.3103184130343948
B3SA3.SA,2026-05-18,16.770000457763672,95,0.005381187905188156,0.5381187905188156
B3SA3.SA,2026-05-19,15.859999656677246,94,-0.0557914085720812,-5.57914085720812
B3SA3.SA,2026-05-20,16.75,95,0.05459806371145781,5.459806371145781
B3SA3.SA,2026-05-21,17.1299991607666,94,0.02243300507292645,2.243300507292645
B3SA3.SA,2026-05-22,16.649999618530273,95,-0.028421069828644008,-2.8421069828644008
B3SA3.SA,2026-05-25,17.3700008392334,93,0.0423344350527608,4.23344350527608
B3SA3.SA,2026-05-26,16.8799991607666,95,-0.028615189117927375,-2.8615189117927375
B3SA3.SA,2026-05-27,16.549999237060547,95,-0.01974338372618112,-1.9743383726181118
B3SA3.SA,2026-05-28,16.5,94,-0.003025674817475288,-0.3025674817475288
B3SA3.SA,2026-05-29,16.489999771118164,95,-0.0006062582150661022,-0.06062582150661022
B3SA3.SA,2026-06-01,16.25,94,-0.014661213915722282,-1.4661213915722282
B3SA3.SA,2026-06-02,16.3799991607666,95,0.007968118413925307,0.7968118413925307
B3SA3.SA,2026-06-03,15.5,94,-0.05522100326447088,-5.522100326447088
B3SA3.SA,2026-06-05,15.43000030517578,94,-0.00452633777205147,-0.45263377720514697
B3SA3.SA,2026-06-08,15.140000343322754,95,-0.018973415467311128,-1.8973415467311128
B3SA3.SA,2026-06-09,15.31999969482422,94,0.011818873706516797,1.1818873706516797
B3SA3.SA,2026-06-10,15.039999961853027,94,-0.01844582840702902,-1.844582840702902
B3SA3.SA,2026-06-11,15.4399995803833,94,0.026248201434056373,2.6248201434056373
B3SA3.SA,2026-06-12,15.229999542236328,94,-0.013694380569020836,-1.3694380569020836
BBDC4.SA,2026-03-17,18.81999969482422,95,,
BBDC4.SA,2026-03-18,18.68000030517578,94,-0.007466668804000154,-0.7466668804000154
BBDC4.SA,2026-03-19,18.63999938964844,93,-0.002143672624467463,-0.2143672624467463
BBDC4.SA,2026-03-20,18.25,94,-0.02114469648476147,-2.114469648476147
BBDC4.SA,2026-03-23,19.01000022888184,94,0.04080008851191286,4.080008851191286
BBDC4.SA,2026-03-24,18.850000381469727,95,-0.008452234409273007,-0.8452234409273007
BBDC4.SA,2026-03-25,19.21999931335449,94,0.01943843368543252,1.9438433685432521
BBDC4.SA,2026-03-26,18.850000381469727,95,-0.01943843368543252,-1.9438433685432521
BBDC4.SA,2026-03-27,18.5,95,-0.0187422020468615,-1.87422020468615
BBDC4.SA,2026-03-30,18.450000762939453,95,-0.0027063202460118063,-0.27063202460118063
BBDC4.SA,2026-03-31,19.18000030517578,94,0.038803673528171156,3.8803673528171156
BBDC4.SA,2026-04-01,19.450000762939453,95,0.013979023923694989,1.3979023923694989
BBDC4.SA,2026-04-02,19.100000381469727,93,-0.018158754265312105,-1.8158754265312105
BBDC4.SA,2026-04-06,19.350000381469727,95,0.013004084165167296,1.3004084165167296
BBDC4.SA,2026-04-07,19.100000381469727,94,-0.013004084165167296,-1.3004084165167296
BBDC4.SA,2026-04-08,20.13999938964844,94,0.0530195019601547,5.30195019601547
BBDC4.SA,2026-04-09,20.31999969482422,95,0.00889775070681198,0.889775070681198
BBDC4.SA,2026-04-10,20.39999961853028,95,0.003929274458886578,0.3929274458886578
BBDC4.SA,2026-04-13,20.670000076293945,94,0.013148495234049484,1.3148495234049484
BBDC4.SA,2026-04-14,20.729999542236328,95,0.0028985269807799696,0.28985269807799696
BBDC4.SA,2026-04-15,20.799999237060547,95,0.003371045661986205,0.3371045661986205
BBDC4.SA,2026-04-16,20.86000061035156,95,0.0028805288045585797,0.288052880455858
BBDC4.SA,2026-04-17,21.209999084472656,93,0.016639246579650102,1.6639246579650102
BBDC4.SA,2026-04-20,21.100000381469727,94,-0.005199666850544293,-0.5199666850544293
BBDC4.SA,2026-04-22,20.40999984741211,95,-0.033248089215534904,-3.3248089215534904
BBDC4.SA,2026-04-23,20.07999992370605,94,-0.016300678321590656,-1.6300678321590656
BBDC4.SA,2026-04-24,19.93000030517578,94,-0.007498141486943499,-0.7498141486943499
BBDC4.SA,2026-04-27,19.76000022888184,95,-0.008566445634274888,-0.8566445634274888
BBDC4.SA,2026-04-28,19.61000061035156,94,-0.007620032570050395,-0.7620032570050395
BBDC4.SA,2026-04-29,19.020000457763672,95,-0.03054859014802558,-3.054859014802558
BBDC4.SA,2026-04-30,19.40999984741211,94,0.020297308134881398,2.0297308134881398
BBDC4.SA,2026-05-04,18.88999938964844,95,-0.02715574011702726,-2.715574011702726
BBDC4.SA,2026-05-05,19.13999938964844,94,0.013147704933422766,1.3147704933422766
BBDC4.SA,2026-05-06,19.21999931335449,94,0.004171013680561497,0.4171013680561497
BBDC4.SA,2026-05-07,18.450000762939453,94,-0.04088695597830583,-4.088695597830583
BBDC4.SA,2026-05-08,18.559999465942383,95,0.0059442867451307,0.59442867451307
BBDC4.SA,2026-05-11,18.11000061035156,95,-0.024544392985615726,-2.4544392985615726
BBDC4.SA,2026-05-12,18.0,95,-0.006092547701617601,-0.6092547701617601
BBDC4.SA,2026-05-13,17.649999618530273,94,-0.019635996129874655,-1.9635996129874655
BBDC4.SA,2026-05-14,17.90999984741211,95,0.014623445786626998,1.4623445786626998
BBDC4.SA,2026-05-15,17.709999084472656,94,-0.011229807453678298,-1.1229807453678298
BBDC4.SA,2026-05-18,17.690000534057617,95,-0.0011298617377422104,-0.11298617377422104
BBDC4.SA,2026-05-19,17.389999389648438,95,-0.01710424509315267,-1.710424509315267
BBDC4.SA,2026-05-20,17.969999313354492,94,0.032808369316466024,3.2808369316466024
BBDC4.SA,2026-05-21,17.950000762939453,95,-0.0011135051469319812,-0.11135051469319812
BBDC4.SA,2026-05-22,17.6299991607666,95,-0.01798820863067485,-1.7988208630674851
BBDC4.SA,2026-05-25,18.0,95,0.020769809088961644,2.0769809088961644
BBDC4.SA,2026-05-26,17.799999237060547,95,-0.011173343459892848,-1.1173343459892848
BBDC4.SA,2026-05-27,18.059999465942383,93,0.014501103981270802,1.4501103981270802
BBDC4.SA,2026-05-28,17.950000762939453,95,-0.006109360979664746,-0.6109360979664746
BBDC4.SA,2026-05-29,17.829999923706055,95,-0.006707729841793686,-0.6707729841793686
BBDC4.SA,2026-06-01,17.549999237060547,94,-0.01582852115654365,-1.5828521156543651
BBDC4.SA,2026-06-02,17.719999313354492,94,0.009639999987647307,0.9639999987647307
BBDC4.SA,2026-06-03,17.3700008392334,95,-0.01994927785906908,-1.9949277859069081
BBDC4.SA,2026-06-05,17.450000762939453,94,0.004595063801775101,0.4595063801775101
BBDC4.SA,2026-06-08,17.200000762939453,94,-0.014430264193542541,-1.4430264193542541
BBDC4.SA,2026-06-09,17.399999618530273,95,0.011560756120584603,1.1560756120584603
BBDC4.SA,2026-06-10,17.25,95,-0.008658040819566892,-0.8658040819566892
BBDC4.SA,2026-06-11,17.670000076293945,95,0.024056147171946485,2.4056147171946485
BBDC4.SA,2026-06-12,17.799999237060547,95,0.0073301237869563,0.73301237869563
CASH3.SA,2026-03-17,3.3399999141693115,95,,
CASH3.SA,2026-03-18,3.25,95,-0.027315784949151656,-2.7315784949151656
CASH3.SA,2026-03-19,3.640000104904175,94,0.11332871412683088,11.332871412683087
CASH3.SA,2026-03-20,3.5199999809265137,95,-0.03352272627707542,-3.352272627707542
CASH3.SA,2026-03-23,3.869999885559082,95,0.09479349327899178,9.479349327899179
CASH3.SA,2026-03-24,3.640000104904175,95,-0.06127076700191636,-6.127076700191636
CASH3.SA,2026-03-25,3.7300000190734863,95,0.024424528300782233,2.4424528300782233
CASH3.SA,2026-03-26,3.5999999046325684,95,-0.03547441979814847,-3.547441979814847
CASH3.SA,2026-03-27,3.5199999809265137,95,-0.022472834779709183,-2.2472834779709183
CASH3.SA,2026-03-30,3.5199999809265137,94,0.0,0.0
CASH3.SA,2026-03-31,3.7100000381469727,94,0.05257090271014486,5.257090271014486
CASH3.SA,2026-04-01,3.75,95,0.010723953080773008,1.0723953080773008
CASH3.SA,2026-04-02,3.799999952316284,95,0.013245214201674349,1.324521420167435
CASH3.SA,2026-04-06,3.859999895095825,95,0.015666102115498015,1.5666102115498015
CASH3.SA,2026-04-07,3.809999942779541,95,-0.013037982179375573,-1.3037982179375573
CASH3.SA,2026-04-08,3.880000114440918,95,0.01820600901014724,1.820600901014724
CASH3.SA,2026-04-09,3.9800000190734863,95,0.025446640958415978,2.544664095841598
CASH3.SA,2026-04-10,4.010000228881836,95,0.007509474307561215,0.7509474307561215
CASH3.SA,2026-04-13,4.070000171661377,95,0.014851743235504422,1.4851743235504422
CASH3.SA,2026-04-14,4.099999904632568,95,0.007343908818167488,0.7343908818167488
CASH3.SA,2026-04-15,4.199999809265137,95,0.024097529426346354,2.4097529426346354
CASH3.SA,2026-04-16,4.150000095367432,95,-0.011976122653548193,-1.1976122653548193
CASH3.SA,2026-04-17,4.389999866485596,95,0.05622083945106482,5.622083945106482
CASH3.SA,2026-04-20,4.420000076293945,95,0.006810516676904577,0.6810516676904577
CASH3.SA,2026-04-22,4.519999980926514,95,0.022372276273661784,2.2372276273661784
CASH3.SA,2026-04-23,4.480000019073486,95,-0.008888938939973556,-0.8888938939973556
CASH3.SA,2026-04-24,4.409999847412109,95,-0.01574839582604315,-1.574839582604315
CASH3.SA,2026-04-27,4.25,94,-0.03695567192199989,-3.695567192199989
CASH3.SA,2026-04-28,4.090000152587891,95,-0.03837397557406308,-3.837397557406308
CASH3.SA,2026-04-29,4.039999961853027,95,-0.012300324831523657,-1.2300324831523657
CASH3.SA,2026-04-30,4.139999866485596,93,0.02445107305662786,2.445107305662786
CASH3.SA,2026-05-04,4.329999923706055,95,0.04487176880718313,4.487176880718313
CASH3.SA,2026-05-05,4.380000114440918,95,0.011481226121868193,1.1481226121868193
CASH3.SA,2026-05-06,4.539999961853027,95,0.035878253134421945,3.5878253134421945
CASH3.SA,2026-05-07,4.360000133514404,95,-0.04045491566732751,-4.045491566732751
CASH3.SA,2026-05-08,4.309999942779541,95,-0.011534197144064562,-1.1534197144064562
CASH3.SA,2026-05-11,4.28000020980835,94,-0.006984832225100934,-0.6984832225100934
CASH3.SA,2026-05-12,4.320000171661377,95,0.009302383378101187,0.9302383378101187
CASH3.SA,2026-05-13,4.289999961853027,94,-0.00696871794459053,-0.696871794459053
CASH3.SA,2026-05-14,4.269999980926514,95,-0.00467290127418285,-0.467290127418285
CASH3.SA,2026-05-15,4.119999885559082,95,-0.03576068718916181,-3.576068718916181
CASH3.SA,2026-05-18,3.900000095367432,95,-0.05487655799572466,-5.487655799572466
CASH3.SA,2026-05-19,3.900000095367432,94,0.0,0.0
CASH3.SA,2026-05-20,4.119999885559082,95,0.05487655799572466,5.487655799572466
CASH3.SA,2026-05-21,4.190000057220459,95,0.016847612005967738,1.6847612005967738
CASH3.SA,2026-05-22,4.010000228881836,94,-0.04390944919423978,-4.390944919423978
CASH3.SA,2026-05-25,4.190000057220459,95,0.04390944919423978,4.390944919423978
CASH3.SA,2026-05-26,4.260000228881836,95,0.01656846641892762,1.6568466418927619
CASH3.SA,2026-05-27,4.340000152587891,95,0.018605169261404875,1.8605169261404875
CASH3.SA,2026-05-28,4.409999847412109,95,0.01600027158751227,1.6000271587512271
CASH3.SA,2026-05-29,4.400000095367432,95,-0.002270092259693657,-0.22700922596936568
CASH3.SA,2026-06-01,4.400000095367432,95,0.0,0.0
CASH3.SA,2026-06-02,4.099999904632568,95,-0.07061761214871898,-7.061761214871898
CASH3.SA,2026-06-03,3.9600000381469727,95,-0.034742915550449505,-3.4742915550449505
CASH3.SA,2026-06-05,3.880000114440918,95,-0.0204088517691996,-2.04088517691996
CASH3.SA,2026-06-08,3.7300000190734863,95,-0.039426944361004246,-3.9426944361004246
CASH3.SA,2026-06-09,3.7100000381469727,95,-0.005376351867712792,-0.5376351867712792
CASH3.SA,2026-06-10,3.75,94,0.010723953080773008,1.0723953080773008
CASH3.SA,2026-06-11,3.9600000381469727,95,0.05448819491714363,5.448819491714363
CASH3.SA,2026-06-12,3.950000047683716,95,-0.002528443914605827,-0.2528443914605827
ITUB4.SA,2026-03-17,42.43999862670898,95,,
ITUB4.SA,2026-03-18,42.38999938964844,95,-0.0011788104213037442,-0.11788104213037442
ITUB4.SA,2026-03-19,42.40999984741211,95,0.00047170892251102714,0.047170892251102714
ITUB4.SA,2026-03-20,41.34999847412109,94,-0.025311795320422714,-2.5311795320422714
ITUB4.SA,2026-03-23,42.88999938964844,94,0.03656629973000847,3.6566299730008467
ITUB4.SA,2026-03-24,42.470001220703125,95,-0.00984071123026764,-0.984071123026764
ITUB4.SA,2026-03-25,43.0,94,0.012402142625667523,1.2402142625667523
ITUB4.SA,2026-03-26,42.0099983215332,95,-0.023292470466254933,-2.3292470466254933
ITUB4.SA,2026-03-27,41.2599983215332,95,-0.018014178264444958,-1.8014178264444958
ITUB4.SA,2026-03-30,41.45000076293945,94,0.004594433024700528,0.45944330247005283
ITUB4.SA,2026-03-31,43.47999954223633,94,0.047813151737302384,4.781315173730238
ITUB4.SA,2026-04-01,43.90999984741211,94,0.009841029373745869,0.9841029373745869
ITUB4.SA,2026-04-02,43.09000015258789,94,-0.018851125929720602,-1.8851125929720602
ITUB4.SA,2026-04-06,43.400001525878906,95,0.007168521095968217,0.7168521095968217
ITUB4.SA,2026-04-07,43.310001373291016,95,-0.0020758893299190895,-0.20758893299190895
ITUB4.SA,2026-04-08,45.0,94,0.038278902835379824,3.8278902835379824
ITUB4.SA,2026-04-09,45.88999938964844,95,0.019584725336105002,1.9584725336105002
ITUB4.SA,2026-04-10,46.13999938964844,95,0.005433024410930631,0.5433024410930631
ITUB4.SA,2026-04-13,45.9900016784668,95,-0.003256221469180698,-0.3256221469180698
ITUB4.SA,2026-04-14,46.68000030517578,95,0.014891795907793881,1.489179590779388
ITUB4.SA,2026-04-15,47.060001373291016,94,0.008107598524952131,0.8107598524952131
ITUB4.SA,2026-04-16,46.79999923706055,95,-0.005540225859444803,-0.5540225859444803
ITUB4.SA,2026-04-17,46.77000045776367,95,-0.0006412050961319693,-0.06412050961319693
ITUB4.SA,2026-04-20,46.29999923706055,95,-0.010100036911329546,-1.0100036911329546
ITUB4.SA,2026-04-22,45.0,95,-0.02847945484369463,-2.847945484369463
ITUB4.SA,2026-04-23,44.290000915527344,94,-0.01590355116401554,-1.590355116401554
ITUB4.SA,2026-04-24,44.31999969482422,95,0.0006770969469891419,0.06770969469891419
ITUB4.SA,2026-04-27,44.0,94,-0.007246401635032207,-0.7246401635032207
ITUB4.SA,2026-04-28,44.13999938964844,95,0.0031767530826996015,0.31767530826996015
ITUB4.SA,2026-04-29,42.79999923706055,95,-0.030828302238897987,-3.0828302238897987
ITUB4.SA,2026-04-30,43.310001373291016,95,0.011845502172877165,1.1845502172877165
ITUB4.SA,2026-05-04,42.380001068115234,94,-0.0217070088915019,-2.17070088915019
ITUB4.SA,2026-05-05,42.400001525878906,95,0.0004718201821836132,0.04718201821836132
ITUB4.SA,2026-05-06,41.880001068115234,94,-0.012339986719101415,-1.2339986719101415
ITUB4.SA,2026-05-07,40.560001373291016,95,-0.032026018365333364,-3.2026018365333364
ITUB4.SA,2026-05-08,41.2400016784668,95,0.016626306707542504,1.6626306707542504
ITUB4.SA,2026-05-11,40.2599983215332,95,-0.02405032132776519,-2.405032132776519
ITUB4.SA,2026-05-12,39.869998931884766,95,-0.009734243917649099,-0.9734243917649099
ITUB4.SA,2026-05-13,39.41999816894531,95,-0.011350879328632324,-1.1350879328632324
ITUB4.SA,2026-05-14,40.5099983215332,94,0.02727556050652158,2.727556050652158
ITUB4.SA,2026-05-15,39.79999923706055,94,-0.017681922660145233,-1.7681922660145233
ITUB4.SA,2026-05-18,39.59999847412109,95,-0.005037813392920754,-0.5037813392920754
ITUB4.SA,2026-05-19,38.77999877929688,94,-0.020924461391278903,-2.0924461391278903
ITUB4.SA,2026-05-20,39.86000061035156,95,0.027468711760171516,2.7468711760171516
ITUB4.SA,2026-05-21,40.130001068115234,95,0.006750880798171988,0.6750880798171988
ITUB4.SA,2026-05-22,39.33000183105469,95,-0.020136577895302654,-2.0136577895302654
ITUB4.SA,2026-05-25,40.34000015258789,95,0.02535590330871118,2.535590330871118
ITUB4.SA,2026-05-26,40.0,95,-0.008464082194675093,-0.8464082194675093
ITUB4.SA,2026-05-27,40.33000183105469,95,0.008216200173141619,0.8216200173141619
ITUB4.SA,2026-05-28,40.08000183105469,95,-0.006218151825472251,-0.6218151825472251
ITUB4.SA,2026-05-29,40.040000915527344,95,-0.0009985251492676817,-0.09985251492676817
ITUB4.SA,2026-06-01,39.41999816894531,94,-0.015605722037655312,-1.5605722037655312
ITUB4.SA,2026-06-02,39.75,95,0.008336585825658105,0.8336585825658105
ITUB4.SA,2026-06-03,38.77000045776367,95,-0.02496307761034089,-2.496307761034089
ITUB4.SA,2026-06-05,39.040000915527344,94,0.006940021505899452,0.6940021505899452
ITUB4.SA,2026-06-08,38.459999084472656,94,-0.014968068639928944,-1.4968068639928944
ITUB4.SA,2026-06-09,39.0099983215332,95,0.014199264136016243,1.4199264136016243
ITUB4.SA,2026-06-10,39.52000045776367,95,0.01298890397076935,1.298890397076935
ITUB4.SA,2026-06-11,40.47999954223633,95,0.024001129208063077,2.4001129208063077
ITUB4.SA,2026-06-12,40.560001373291016,95,0.0019743794703677153,0.19743794703677153
LWSA3.SA,2026-03-17,3.700000047683716,95,,
LWSA3.SA,2026-03-18,3.680000066757202,95,-0.005420062216286103,-0.5420062216286103
LWSA3.SA,2026-03-19,3.7200000286102295,95,0.01081090565459375,1.081090565459375
LWSA3.SA,2026-03-20,3.630000114440918,95,-0.0244909961727946,-2.44909961727946
LWSA3.SA,2026-03-23,3.859999895095825,95,0.06143447649630929,6.143447649630929
LWSA3.SA,2026-03-24,3.75,95,-0.028911316317172364,-2.8911316317172364
LWSA3.SA,2026-03-25,3.839999914169312,94,0.023716504265574034,2.3716504265574034
LWSA3.SA,2026-03-26,3.809999942779541,94,-0.007843170127777244,-0.7843170127777244
LWSA3.SA,2026-03-27,3.670000076293945,95,-0.03743749126509677,-3.7437491265096767
LWSA3.SA,2026-03-30,3.619999885559082,95,-0.013717688630853653,-1.3717688630853653
LWSA3.SA,2026-03-31,3.799999952316284,95,0.04852705995982798,4.852705995982798
LWSA3.SA,2026-04-01,3.880000114440918,94,0.02083412894626968,2.083412894626968
LWSA3.SA,2026-04-02,3.849999904632568,94,-0.007762059601332583,-0.7762059601332583
LWSA3.SA,2026-04-06,3.819999933242798,95,-0.007822718386154559,-0.7822718386154559
LWSA3.SA,2026-04-07,3.799999952316284,95,-0.005249350958782539,-0.5249350958782539
LWSA3.SA,2026-04-08,4.050000190734863,94,0.06371587402948076,6.371587402948076
LWSA3.SA,2026-04-09,3.7799999713897705,95,-0.06899292615082198,-6.899292615082198
LWSA3.SA,2026-04-10,3.819999933242798,95,0.010526403080123758,1.0526403080123758
LWSA3.SA,2026-04-13,3.950000047683716,94,0.03346518584208091,3.3465185842080913
LWSA3.SA,2026-04-14,3.940000057220459,95,-0.002534853152055927,-0.2534853152055927
LWSA3.SA,2026-04-15,4.150000095367432,95,0.05192761938990942,5.192761938990942
LWSA3.SA,2026-04-16,4.079999923706055,95,-0.017011387506137066,-1.7011387506137066
LWSA3.SA,2026-04-17,4.170000076293945,95,0.021819084390046317,2.1819084390046317
LWSA3.SA,2026-04-20,4.190000057220459,95,0.004784693483860458,0.4784693483860458
LWSA3.SA,2026-04-22,4.150000095367432,94,-0.00959239036776971,-0.959239036776971
LWSA3.SA,2026-04-23,4.010000228881836,95,-0.03431705882647007,-3.431705882647007
LWSA3.SA,2026-04-24,3.9800000190734863,95,-0.007509474307561215,-0.7509474307561215
LWSA3.SA,2026-04-27,3.7899999618530273,95,-0.048915815059508816,-4.891581505950882
LWSA3.SA,2026-04-28,3.819999933242798,94,0.007884396113605696,0.7884396113605696
LWSA3.SA,2026-04-29,3.7200000286102295,94,-0.026526729166799212,-2.6526729166799212
LWSA3.SA,2026-04-30,3.839999914169312,95,0.03174866827191636,3.174866827191636
LWSA3.SA,2026-05-04,3.839999914169312,95,0.0,0.0
LWSA3.SA,2026-05-05,3.920000076293945,95,0.020619329017218524,2.0619329017218524
LWSA3.SA,2026-05-06,4.019999980926514,95,0.025190224621169266,2.5190224621169266
LWSA3.SA,2026-05-07,4.090000152587891,95,0.017263109475980976,1.7263109475980976
LWSA3.SA,2026-05-08,3.900000095367432,95,-0.0475684297734742,-4.75684297734742
LWSA3.SA,2026-05-11,3.849999904632568,95,-0.012903454059857156,-1.2903454059857156
LWSA3.SA,2026-05-12,3.859999895095825,95,0.0025940327705609167,0.2594032770560917
LWSA3.SA,2026-05-13,3.640000104904175,95,-0.05868344583101481,-5.868344583101481
LWSA3.SA,2026-05-14,3.690000057220459,95,0.013642763090858212,1.3642763090858212
LWSA3.SA,2026-05-15,3.7300000190734863,95,0.010781765209924021,1.0781765209924021
LWSA3.SA,2026-05-18,3.7300000190734863,95,0.0,0.0
LWSA3.SA,2026-05-19,3.640000104904175,95,-0.024424528300782233,-2.4424528300782233
LWSA3.SA,2026-05-20,3.75,95,0.02977212951384245,2.977212951384245
LWSA3.SA,2026-05-21,3.690000057220459,95,-0.016129366422984237,-1.6129366422984237
LWSA3.SA,2026-05-22,3.660000085830689,95,-0.008163302695052721,-0.8163302695052721
LWSA3.SA,2026-05-25,3.7899999618530273,95,0.03490283816488815,3.490283816488815
LWSA3.SA,2026-05-26,3.5999999046325684,94,-0.05143219005805988,-5.143219005805988
LWSA3.SA,2026-05-27,3.5999999046325684,95,0.0,0.0
LWSA3.SA,2026-05-28,3.670000076293945,95,0.01925786388390871,1.925786388390871
LWSA3.SA,2026-05-29,3.7699999809265137,95,0.02688331354561968,2.688331354561968
LWSA3.SA,2026-06-01,3.799999952316284,95,0.007926057783354645,0.7926057783354645
LWSA3.SA,2026-06-02,3.7799999713897705,95,-0.005277052121341219,-0.5277052121341219
LWSA3.SA,2026-06-03,3.5999999046325684,95,-0.04879018309154182,-4.879018309154182
LWSA3.SA,2026-06-05,3.640000104904175,95,0.011049891497366238,1.1049891497366238
LWSA3.SA,2026-06-08,3.670000076293945,95,0.008207972386542473,0.8207972386542473
LWSA3.SA,2026-06-09,3.799999952316284,95,0.034809371328974326,3.4809371328974326
LWSA3.SA,2026-06-10,3.759999990463257,94,-0.01058209931855858,-1.058209931855858
LWSA3.SA,2026-06-11,3.839999914169312,95,0.021053389382458265,2.1053389382458265
LWSA3.SA,2026-06-12,3.799999952316284,95,-0.010471290063899685,-1.0471290063899685
MGLU3.SA,2026-03-17,9.15999984741211,95,,
MGLU3.SA,2026-03-18,8.890000343322754,95,-0.02991907388317694,-2.991907388317694
MGLU3.SA,2026-03-19,8.739999771118164,94,-0.017016924665204325,-1.7016924665204325
MGLU3.SA,2026-03-20,8.329999923706055,94,-0.04804671645977665,-4.804671645977665
MGLU3.SA,2026-03-23,8.800000190734863,94,0.05488829613876289,5.488829613876289
MGLU3.SA,2026-03-24,8.720000267028809,95,-0.009132474615119346,-0.9132474615119346
MGLU3.SA,2026-03-25,8.930000305175781,94,0.023797160519169136,2.3797160519169136
MGLU3.SA,2026-03-26,8.479999542236328,94,-0.05170603324038181,-5.170603324038181
MGLU3.SA,2026-03-27,8.100000381469727,95,-0.04584628704882521,-4.584628704882521
MGLU3.SA,2026-03-30,8.020000457763672,94,-0.009925629817233883,-0.9925629817233883
MGLU3.SA,2026-03-31,8.739999771118164,94,0.08597168452340487,8.597168452340487
MGLU3.SA,2026-04-01,8.850000381469727,95,0.012507338644170307,1.2507338644170307
MGLU3.SA,2026-04-02,8.729999542236328,94,-0.01365218470795293,-1.365218470795293
MGLU3.SA,2026-04-06,8.789999961853027,94,0.006849389941462558,0.6849389941462558
MGLU3.SA,2026-04-07,8.699999809265137,94,-0.010291703620280312,-1.0291703620280312
MGLU3.SA,2026-04-08,8.989999771118164,94,0.032789819286934474,3.2789819286934474
MGLU3.SA,2026-04-09,9.220000267028809,95,0.025262243506487092,2.526224350648709
MGLU3.SA,2026-04-10,9.18000030517578,94,-0.004347828654464259,-0.43478286544642586
MGLU3.SA,2026-04-13,9.270000457763672,94,0.009756191083009291,0.9756191083009291
MGLU3.SA,2026-04-14,9.279999732971191,95,0.001078089064495913,0.10780890644959129
MGLU3.SA,2026-04-15,9.390000343322754,95,0.011783811759311646,1.1783811759311646
MGLU3.SA,2026-04-16,9.239999771118164,94,-0.016103468899933304,-1.6103468899933304
MGLU3.SA,2026-04-17,9.31999969482422,95,0.008620735070485885,0.8620735070485885
MGLU3.SA,2026-04-20,9.380000114440918,94,0.006417179265340245,0.6417179265340245
MGLU3.SA,2026-04-22,8.979999542236328,95,-0.04357994388046027,-4.357994388046027
MGLU3.SA,2026-04-23,8.670000076293945,95,-0.03513103174598342,-3.513103174598342
MGLU3.SA,2026-04-24,8.739999771118164,95,0.008041363887377084,0.8041363887377084
MGLU3.SA,2026-04-27,8.550000190734863,94,-0.02197885822275092,-2.197885822275092
MGLU3.SA,2026-04-28,8.569999694824219,95,0.002336391743071875,0.2336391743071875
MGLU3.SA,2026-04-29,8.119999885559082,95,-0.053937556920034435,-5.3937556920034435
MGLU3.SA,2026-04-30,8.289999961853027,94,0.020719824465761594,2.0719824465761594
MGLU3.SA,2026-05-04,8.0,94,-0.035608422865803124,-3.5608422865803124
MGLU3.SA,2026-05-05,8.029999732971191,95,0.003742953024934881,0.3742953024934881
MGLU3.SA,2026-05-06,8.0600004196167,94,0.003729113875390322,0.3729113875390322
MGLU3.SA,2026-05-07,7.940000057220459,95,-0.015000326114509743,-1.5000326114509743
MGLU3.SA,2026-05-08,7.190000057220459,94,-0.09922210277435672,-9.922210277435672
MGLU3.SA,2026-05-11,6.920000076293945,94,-0.03827539903657984,-3.827539903657984
MGLU3.SA,2026-05-12,7.159999847412109,95,0.034094179006681546,3.4094179006681546
MGLU3.SA,2026-05-13,7.0,94,-0.02259981060608296,-2.259981060608296
MGLU3.SA,2026-05-14,6.920000076293945,94,-0.011494368400598587,-1.1494368400598587
MGLU3.SA,2026-05-15,6.789999961853027,95,-0.018964844702220818,-1.8964844702220818
MGLU3.SA,2026-05-18,6.639999866485596,94,-0.022338992571742544,-2.2338992571742544
MGLU3.SA,2026-05-19,6.510000228881836,94,-0.01977245200177391,-1.977245200177391
MGLU3.SA,2026-05-20,6.75,95,0.03620301350546118,3.620301350546118
MGLU3.SA,2026-05-21,6.760000228881836,95,0.001480419028693447,0.1480419028693447
MGLU3.SA,2026-05-22,6.639999866485596,94,-0.017910980532380716,-1.7910980532380716
MGLU3.SA,2026-05-25,6.78000020980835,94,0.02086518951673666,2.086518951673666
MGLU3.SA,2026-05-26,6.639999866485596,95,-0.02086518951673666,-2.086518951673666
MGLU3.SA,2026-05-27,6.619999885559082,95,-0.003016590718982304,-0.3016590718982304
MGLU3.SA,2026-05-28,6.389999866485596,95,-0.03536110516659874,-3.536110516659874
MGLU3.SA,2026-05-29,6.03000020980835,95,-0.05798720196198892,-5.798720196198892
MGLU3.SA,2026-06-01,5.820000171661377,95,-0.03544675429475341,-3.5446754294753413
MGLU3.SA,2026-06-02,5.710000038146973,95,-0.01908126088977835,-1.908126088977835
MGLU3.SA,2026-06-03,5.329999923706055,94,-0.0688678064849575,-6.8867806484957494
MGLU3.SA,2026-06-05,5.440000057220459,94,0.02042784752262583,2.042784752262583
MGLU3.SA,2026-06-08,5.349999904632568,94,-0.016682528304091004,-1.6682528304091004
MGLU3.SA,2026-06-09,5.519999980926514,94,0.03128131375143539,3.128131375143539
MGLU3.SA,2026-06-10,5.130000114440918,95,-0.07327217534281316,-7.327217534281316
MGLU3.SA,2026-06-11,5.320000171661377,95,0.03636765412987941,3.636765412987941
MGLU3.SA,2026-06-12,5.210000038146973,94,-0.020893472533577206,-2.0893472533577206
PETR4.SA,2026-03-17,46.29999923706055,95,,
PETR4.SA,2026-03-18,47.11000061035156,95,0.01734336105381651,1.7343361053816508
PETR4.SA,2026-03-19,46.90999984741211,95,-0.0042544365802434925,-0.42544365802434925
PETR4.SA,2026-03-20,45.43999862670898,95,-0.03183812489676541,-3.1838124896765407
PETR4.SA,2026-03-23,46.040000915527344,94,0.01311785954833633,1.311785954833633
PETR4.SA,2026-03-24,47.27000045776367,94,0.02636525075000762,2.636525075000762
PETR4.SA,2026-03-25,47.470001220703125,94,0.004222103789314868,0.42221037893148683
PETR4.SA,2026-03-26,48.09999847412109,95,0.013184187110180101,1.3184187110180101
PETR4.SA,2026-03-27,49.2599983215332,95,0.023830213230104924,2.3830213230104924
PETR4.SA,2026-03-30,49.790000915527344,95,0.010701820423101083,1.0701820423101083
PETR4.SA,2026-03-31,48.58000183105469,95,-0.02460221777630789,-2.460221777630789
PETR4.SA,2026-04-01,47.130001068115234,94,-0.03030219766674902,-3.030219766674902
PETR4.SA,2026-04-02,48.150001525878906,94,0.021411406335436478,2.141140633543648
PETR4.SA,2026-04-06,48.810001373291016,95,0.013614068100253451,1.3614068100253451
PETR4.SA,2026-04-07,48.52000045776367,95,-0.005959144524114723,-0.5959144524114723
PETR4.SA,2026-04-08,46.45000076293945,92,-0.04359961182557637,-4.359961182557637
PETR4.SA,2026-04-09,47.900001525878906,94,0.030739054587569647,3.0739054587569647
PETR4.SA,2026-04-10,48.900001525878906,95,0.020661891412514954,2.0661891412514954
PETR4.SA,2026-04-13,49.61000061035156,95,0.014415010931058791,1.4415010931058791
PETR4.SA,2026-04-14,47.95000076293945,95,-0.03403362137535915,-3.4033621375359147
PETR4.SA,2026-04-15,46.83000183105469,95,-0.02363475494510725,-2.363475494510725
PETR4.SA,2026-04-16,48.560001373291016,95,0.03627611273604936,3.627611273604936
PETR4.SA,2026-04-17,46.25,93,-0.048738711073101015,-4.8738711073101015
PETR4.SA,2026-04-20,46.880001068115234,94,0.013529704094350947,1.3529704094350947
PETR4.SA,2026-04-22,47.65999984741211,95,0.01650130041621889,1.650130041621889
PETR4.SA,2026-04-23,47.790000915527344,94,0.00272396327836244,0.272396327836244
PETR4.SA,2026-04-24,46.97999954223633,95,-0.01709446226039857,-1.7094462260398569
PETR4.SA,2026-04-27,47.38999938964844,95,0.008689253613196612,0.8689253613196612
PETR4.SA,2026-04-28,47.58000183105469,94,0.004001320258351537,0.4001320258351537
PETR4.SA,2026-04-29,49.06999969482422,95,0.03083530052410355,3.083530052410355
PETR4.SA,2026-04-30,49.369998931884766,95,0.006095086753247436,0.6095086753247436
PETR4.SA,2026-05-04,49.47999954223633,95,0.0022256076369311373,0.22256076369311373
PETR4.SA,2026-05-05,48.540000915527344,95,-0.019180319113046185,-1.9180319113046185
PETR4.SA,2026-05-06,47.15999984741211,94,-0.028842146726117956,-2.8842146726117956
PETR4.SA,2026-05-07,46.220001220703125,94,-0.02013344117668714,-2.013344117668714
PETR4.SA,2026-05-08,45.880001068115234,95,-0.007383315715148608,-0.7383315715148608
PETR4.SA,2026-05-11,46.43000030517578,94,0.011916493062846811,1.1916493062846811
PETR4.SA,2026-05-12,45.68000030517578,95,-0.016285236576159434,-1.6285236576159434
PETR4.SA,2026-05-13,44.47999954223633,95,-0.02662093237760832,-2.662093237760832
PETR4.SA,2026-05-14,45.0099983215332,95,0.01184501036298835,1.184501036298835
PETR4.SA,2026-05-15,45.40999984741211,95,0.008847691735767604,0.8847691735767604
PETR4.SA,2026-05-18,46.43999862670898,95,0.022428785508760374,2.2428785508760374
PETR4.SA,2026-05-19,45.9900016784668,95,-0.009737109210218975,-0.9737109210218975
PETR4.SA,2026-05-20,44.59000015258789,95,-0.030914395986768817,-3.0914395986768817
PETR4.SA,2026-05-21,44.84999847412109,94,0.005813932421572243,0.5813932421572243
PETR4.SA,2026-05-22,44.41999816894531,95,-0.009633777238099661,-0.9633777238099661
PETR4.SA,2026-05-25,43.18000030517578,94,-0.028312345090690805,-2.8312345090690805
PETR4.SA,2026-05-26,43.369998931884766,95,0.004390501065112851,0.43905010651128507
PETR4.SA,2026-05-27,42.810001373291016,93,-0.012996180983702477,-1.2996180983702477
PETR4.SA,2026-05-28,42.41999816894531,95,-0.009151846263953711,-0.9151846263953711
PETR4.SA,2026-05-29,42.16999816894531,95,-0.005910881633965914,-0.5910881633965914
PETR4.SA,2026-06-01,42.209999084472656,95,0.0009481137669080653,0.09481137669080653
PETR4.SA,2026-06-02,41.4900016784668,94,-0.017204663305079304,-1.7204663305079304
PETR4.SA,2026-06-03,41.38999938964844,95,-0.002413183785219264,-0.2413183785219264
PETR4.SA,2026-06-05,40.84000015258789,94,-0.013377293981586824,-1.3377293981586824
PETR4.SA,2026-06-08,41.09000015258789,95,0.006102789576121648,0.6102789576121648
PETR4.SA,2026-06-09,41.02999877929688,94,-0.0014613099062055213,-0.14613099062055213
PETR4.SA,2026-06-10,41.709999084472656,95,0.016437409556408156,1.6437409556408156
PETR4.SA,2026-06-11,41.54999923706055,95,-0.0038433833195283817,-0.3843383319528382
PETR4.SA,2026-06-12,41.18999862670898,94,-0.008702027831906545,-0.8702027831906545
TOTS3.SA,2026-03-17,34.619998931884766,95,,
TOTS3.SA,2026-03-18,33.68000030517578,95,-0.027527320460349447,-2.7527320460349447
TOTS3.SA,2026-03-19,34.15999984741211,95,0.014151166018345762,1.4151166018345762
TOTS3.SA,2026-03-20,34.0099983215332,94,-0.0044008147865626235,-0.44008147865626235
TOTS3.SA,2026-03-23,35.349998474121094,95,0.03864379951074204,3.864379951074204
TOTS3.SA,2026-03-24,34.88999938964844,94,-0.01309811147260298,-1.309811147260298
TOTS3.SA,2026-03-25,35.18000030517578,94,0.008277510279020461,0.8277510279020461
TOTS3.SA,2026-03-26,34.599998474121094,94,-0.01662411002097608,-1.662411002097608
TOTS3.SA,2026-03-27,34.15999984741211,95,-0.012798273509620817,-1.2798273509620817
TOTS3.SA,2026-03-30,33.939998626708984,95,-0.006461145109747157,-0.6461145109747157
TOTS3.SA,2026-03-31,35.029998779296875,94,0.03161058301826891,3.161058301826891
TOTS3.SA,2026-04-01,34.91999816894531,94,-0.0031451238263331405,-0.31451238263331405
TOTS3.SA,2026-04-02,34.959999084472656,94,0.001144846063782179,0.11448460637821789
TOTS3.SA,2026-04-06,35.099998474121094,95,0.003996562400004677,0.39965624000046773
TOTS3.SA,2026-04-07,34.779998779296875,95,-0.009158613171196706,-0.9158613171196706
TOTS3.SA,2026-04-08,35.689998626708984,94,0.025828025195465454,2.5828025195465454
TOTS3.SA,2026-04-09,34.599998474121094,94,-0.031016861060623402,-3.10168610606234
TOTS3.SA,2026-04-10,33.599998474121094,95,-0.029327616407036405,-2.9327616407036405
TOTS3.SA,2026-04-13,34.540000915527344,95,0.027592077668729953,2.7592077668729953
TOTS3.SA,2026-04-14,34.7599983215332,95,0.006349152885058107,0.6349152885058107
TOTS3.SA,2026-04-15,35.36000061035156,95,0.017114002920633364,1.7114002920633364
TOTS3.SA,2026-04-16,34.61000061035156,95,-0.021438579748141784,-2.1438579748141784
TOTS3.SA,2026-04-17,35.599998474121094,93,0.028202919713842256,2.8202919713842256
TOTS3.SA,2026-04-20,34.77000045776367,94,-0.023590635810968763,-2.3590635810968763
TOTS3.SA,2026-04-22,33.790000915527344,94,-0.028590031364425617,-2.8590031364425617
TOTS3.SA,2026-04-23,32.400001525878906,95,-0.042006457927511676,-4.200645792751168
TOTS3.SA,2026-04-24,32.13999938964844,94,-0.008057128574347594,-0.8057128574347594
TOTS3.SA,2026-04-27,31.200000762939453,95,-0.02968322205033891,-2.968322205033891
TOTS3.SA,2026-04-28,31.63999938964844,95,0.01400400434032445,1.400400434032445
TOTS3.SA,2026-04-29,31.030000686645508,95,-0.019467623020219538,-1.9467623020219538
TOTS3.SA,2026-04-30,32.0,94,0.030781402210997566,3.0781402210997566
TOTS3.SA,2026-05-04,32.619998931884766,94,0.01918966164895819,1.918966164895819
TOTS3.SA,2026-05-05,33.099998474121094,94,0.014607671835270786,1.4607671835270786
TOTS3.SA,2026-05-06,33.08000183105469,94,-0.0006043107761484201,-0.06043107761484201
TOTS3.SA,2026-05-07,35.880001068115234,94,0.08125114145188572,8.125114145188572
TOTS3.SA,2026-05-08,35.220001220703125,95,-0.018565929232260192,-1.8565929232260192
TOTS3.SA,2026-05-11,33.540000915527344,95,-0.04887535403578891,-4.887535403578891
TOTS3.SA,2026-05-12,32.959999084472656,94,-0.01744410642729477,-1.744410642729477
TOTS3.SA,2026-05-13,31.700000762939453,94,-0.038977972313623876,-3.8977972313623876
TOTS3.SA,2026-05-14,31.809999465942383,95,0.0034639840213421813,0.34639840213421813
TOTS3.SA,2026-05-15,31.39999961853028,94,-0.012972808206576758,-1.2972808206576758
TOTS3.SA,2026-05-18,31.670000076293945,95,0.00856198219408677,0.856198219408677
TOTS3.SA,2026-05-19,30.65999984741211,95,-0.032410994492683365,-3.2410994492683365
TOTS3.SA,2026-05-20,31.809999465942383,95,0.03682182050517335,3.6821820505173353
TOTS3.SA,2026-05-21,32.16999816894531,94,0.01125359536078463,1.125359536078463
TOTS3.SA,2026-05-22,31.959999084472656,94,-0.006549192080815391,-0.6549192080815391
TOTS3.SA,2026-05-25,31.76000022888184,95,-0.0062774486664944895,-0.627744866649449
TOTS3.SA,2026-05-26,31.63999938964844,94,-0.0037855199765934877,-0.37855199765934877
TOTS3.SA,2026-05-27,31.01000022888184,92,-0.02011238311568686,-2.011238311568686
TOTS3.SA,2026-05-28,31.739999771118164,95,0.023267967393853173,2.3267967393853173
TOTS3.SA,2026-05-29,33.29999923706055,94,0.047979666188188386,4.797966618818839
TOTS3.SA,2026-06-01,34.439998626708984,94,0.03366126560934157,3.3661265609341573
TOTS3.SA,2026-06-02,34.470001220703125,95,0.0008707762576221079,0.08707762576221079
TOTS3.SA,2026-06-03,33.459999084472656,95,-0.0297387477454345,-2.97387477454345
TOTS3.SA,2026-06-05,33.2599983215332,94,-0.005995244897079033,-0.5995244897079033
TOTS3.SA,2026-06-08,32.34000015258789,94,-0.02805056443255216,-2.805056443255216
TOTS3.SA,2026-06-09,31.100000381469727,95,-0.03909702741610532,-3.9097027416105323
TOTS3.SA,2026-06-10,28.68000030517578,95,-0.08100780507895866,-8.100780507895866
TOTS3.SA,2026-06-11,29.96999931335449,94,0.04399683204533966,4.399683204533966
TOTS3.SA,2026-06-12,29.790000915527344,94,-0.006024060959579192,-0.6024060959579192
VALE3.SA,2026-03-17,78.80000305175781,95,,
VALE3.SA,2026-03-18,77.16000366210938,95,-0.021031800092955244,-2.1031800092955244
VALE3.SA,2026-03-19,76.61000061035156,94,-0.00715361100304257,-0.715361100304257
VALE3.SA,2026-03-20,75.05000305175781,95,-0.020573025753260588,-2.0573025753260588
VALE3.SA,2026-03-23,77.73999786376953,94,0.03521529920244415,3.521529920244415
VALE3.SA,2026-03-24,78.30000305175781,95,0.007177744027043076,0.7177744027043076
VALE3.SA,2026-03-25,79.2699966430664,93,0.012312062529014511,1.2312062529014511
VALE3.SA,2026-03-26,78.75,94,-0.006581426795224665,-0.6581426795224665
VALE3.SA,2026-03-27,78.7300033569336,95,-0.00025395787081006205,-0.025395787081006205
VALE3.SA,2026-03-30,79.5999984741211,94,0.010989753846072148,1.0989753846072148
VALE3.SA,2026-03-31,82.47000122070312,94,0.03542053196604389,3.542053196604389
VALE3.SA,2026-04-01,83.0,95,0.006406002149550005,0.6406002149550005
VALE3.SA,2026-04-02,83.7300033569336,94,0.008756768512104607,0.8756768512104607
VALE3.SA,2026-04-06,83.18000030517578,94,-0.006590438325076775,-0.6590438325076775
VALE3.SA,2026-04-07,83.44999694824219,95,0.003240675554321726,0.3240675554321726
VALE3.SA,2026-04-08,85.58999633789062,94,0.02532079756891914,2.532079756891914
VALE3.SA,2026-04-09,84.73999786376953,95,-0.009980691117688067,-0.9980691117688067
VALE3.SA,2026-04-10,85.44999694824219,95,0.008343653858461586,0.8343653858461586
VALE3.SA,2026-04-13,87.2300033569336,95,0.020616973081191148,2.061697308119115
VALE3.SA,2026-04-14,88.3499984741211,95,0.012757834566031079,1.2757834566031079
VALE3.SA,2026-04-15,88.43000030517578,95,0.0009051005438243109,0.0905100543824311
VALE3.SA,2026-04-16,87.5,95,-0.010572488675117953,-1.0572488675117953
VALE3.SA,2026-04-17,88.76000213623047,95,0.014297328768314799,1.4297328768314799
VALE3.SA,2026-04-20,88.93000030517578,95,0.0019134247113052893,0.19134247113052893
VALE3.SA,2026-04-22,87.25,94,-0.019071985760652943,-1.9071985760652943
VALE3.SA,2026-04-23,86.16999816894531,95,-0.012455493080190116,-1.2455493080190116
VALE3.SA,2026-04-24,85.77999877929688,95,-0.004536203144238193,-0.45362031442381934
VALE3.SA,2026-04-27,85.3499984741211,94,-0.005025433495560172,-0.5025433495560172
VALE3.SA,2026-04-28,84.36000061035156,95,-0.01166706851689181,-1.166706851689181
VALE3.SA,2026-04-29,79.44000244140625,94,-0.06009131237603249,-6.009131237603249
VALE3.SA,2026-04-30,81.31999969482422,94,0.023389934537745738,2.338993453774574
VALE3.SA,2026-05-04,78.80999755859375,95,-0.03135212362019324,-3.135212362019324
VALE3.SA,2026-05-05,78.44000244140625,94,-0.00470582893452498,-0.47058289345249804
VALE3.SA,2026-05-06,81.2300033569336,94,0.034950645936489444,3.4950645936489444
VALE3.SA,2026-05-07,79.95999908447266,95,-0.0157581802067579,-1.57581802067579
VALE3.SA,2026-05-08,81.56999969482422,94,0.019935045388831618,1.9935045388831618
VALE3.SA,2026-05-11,83.62000274658203,95,0.024821215203198577,2.4821215203198577
VALE3.SA,2026-05-12,83.76000213623047,95,0.001672833292052367,0.1672833292052367
VALE3.SA,2026-05-13,84.51000213623047,95,0.00891430376776814,0.8914303767768139
VALE3.SA,2026-05-14,82.9000015258789,95,-0.019234815286724327,-1.9234815286724327
VALE3.SA,2026-05-15,82.9000015258789,94,0.0,0.0
VALE3.SA,2026-05-18,81.81999969482422,95,-0.013113371776099392,-1.3113371776099392
VALE3.SA,2026-05-19,80.81999969482422,94,-0.012297252897075062,-1.2297252897075062
VALE3.SA,2026-05-20,82.05000305175781,95,0.015104398855644519,1.5104398855644519
VALE3.SA,2026-05-21,82.6500015258789,95,0.00728598799898883,0.728598799898883
VALE3.SA,2026-05-22,82.80999755859375,95,0.0019339548346186675,0.19339548346186675
VALE3.SA,2026-05-25,83.23999786376953,94,0.005179178298337916,0.5179178298337916
VALE3.SA,2026-05-26,82.87999725341797,95,-0.004334230490013802,-0.4334230490013802
VALE3.SA,2026-05-27,83.4000015258789,95,0.006254582288700128,0.6254582288700128
VALE3.SA,2026-05-28,83.8499984741211,95,0.005381142410885609,0.5381142410885609
VALE3.SA,2026-05-29,82.44999694824219,95,-0.01683745807932535,-1.6837458079325351
VALE3.SA,2026-06-01,81.83999633789062,95,-0.007425935095983327,-0.7425935095983327
VALE3.SA,2026-06-02,84.7699966430664,95,0.035175590123635025,3.5175590123635025
VALE3.SA,2026-06-03,81.9000015258789,94,-0.034442657529798915,-3.4442657529798915
VALE3.SA,2026-06-05,78.55000305175781,94,-0.04176360593724482,-4.176360593724482
VALE3.SA,2026-06-08,77.94000244140625,95,-0.007796072318040359,-0.7796072318040359
VALE3.SA,2026-06-09,78.38999938964844,94,0.005757029179802586,0.5757029179802586
VALE3.SA,2026-06-10,77.55999755859375,95,-0.010644561517737294,-1.0644561517737294
VALE3.SA,2026-06-11,78.72000122070312,95,0.014845469354093588,1.4845469354093588
VALE3.SA,2026-06-12,79.16000366210938,94,0.005573898745585559,0.5573898745585559
WEGE3.SA,2026-03-17,46.15999984741211,95,,
WEGE3.SA,2026-03-18,46.13999938964844,95,-0.00043337937685850036,-0.043337937685850036
WEGE3.SA,2026-03-19,46.59999847412109,93,0.009920268870061921,0.9920268870061921
WEGE3.SA,2026-03-20,45.650001525878906,95,-0.020596867920834594,-2.0596867920834594
WEGE3.SA,2026-03-23,47.47999954223633,94,0.03930491963369542,3.9304919633695423
WEGE3.SA,2026-03-24,47.40999984741211,95,-0.0014753864047256648,-0.14753864047256648
WEGE3.SA,2026-03-25,48.41999816894531,93,0.021079739998277613,2.1079739998277613
WEGE3.SA,2026-03-26,47.650001525878906,95,-0.01603025157097715,-1.603025157097715
WEGE3.SA,2026-03-27,47.310001373291016,95,-0.007160943452296564,-0.7160943452296564
WEGE3.SA,2026-03-30,49.11000061035156,94,0.03734097380885126,3.7340973808851263
WEGE3.SA,2026-03-31,50.91999816894531,95,0.0361930452503576,3.6193045250357603
WEGE3.SA,2026-04-01,51.02999877929688,95,0.002157933424830727,0.2157933424830727
WEGE3.SA,2026-04-02,50.34999847412109,93,-0.013415082295465286,-1.3415082295465286
WEGE3.SA,2026-04-06,50.84000015258789,95,0.009684860463458289,0.9684860463458289
WEGE3.SA,2026-04-07,50.59999847412109,95,-0.004731903184879371,-0.47319031848793713
WEGE3.SA,2026-04-08,52.5099983215332,94,0.03705204954735031,3.7052049547350308
WEGE3.SA,2026-04-09,52.810001373291016,94,0.00569699703815596,0.569699703815596
WEGE3.SA,2026-04-10,52.68999862670898,95,-0.0022749345656203346,-0.22749345656203346
WEGE3.SA,2026-04-13,52.27000045776367,95,-0.008003056675089937,-0.8003056675089937
WEGE3.SA,2026-04-14,51.970001220703125,95,-0.005755948973543923,-0.5755948973543923
WEGE3.SA,2026-04-15,49.869998931884766,95,-0.041247054368922065,-4.1247054368922065
WEGE3.SA,2026-04-16,48.33000183105469,95,-0.0313670743965444,-3.1367074396544403
WEGE3.SA,2026-04-17,48.65999984741211,93,0.006804810476084278,0.6804810476084278
WEGE3.SA,2026-04-20,48.68000030517578,95,0.0004109401687646397,0.04109401687646397
WEGE3.SA,2026-04-22,47.20000076293945,94,-0.030874365632862943,-3.0874365632862943
WEGE3.SA,2026-04-23,48.52000045776367,95,0.027582184754904038,2.7582184754904038
WEGE3.SA,2026-04-24,47.68999862670898,94,-0.017254389996457675,-1.7254389996457675
WEGE3.SA,2026-04-27,48.13999938964844,94,0.009391716162320485,0.9391716162320485
WEGE3.SA,2026-04-28,47.209999084472656,95,-0.01950770451070971,-1.9507704510709711
WEGE3.SA,2026-04-29,44.09000015258789,94,-0.06837271233486408,-6.837271233486408
WEGE3.SA,2026-04-30,45.09999847412109,94,0.02264920984472285,2.264920984472285
WEGE3.SA,2026-05-04,44.560001373291016,94,-0.012045586237450223,-1.2045586237450223
WEGE3.SA,2026-05-05,43.5,94,-0.02407568834330842,-2.407568834330842
WEGE3.SA,2026-05-06,44.93000030517578,95,0.03234479177968019,3.2344791779680193
WEGE3.SA,2026-05-07,44.380001068115234,95,-0.012316788302380477,-1.2316788302380477
WEGE3.SA,2026-05-08,45.65999984741211,94,0.02843369618788305,2.843369618788305
WEGE3.SA,2026-05-11,44.18999862670898,95,-0.03272414969413662,-3.2724149694136617
WEGE3.SA,2026-05-12,43.41999816894531,95,-0.017578365786306005,-1.7578365786306005
WEGE3.SA,2026-05-13,43.20000076293945,95,-0.005079609368678462,-0.5079609368678462
WEGE3.SA,2026-05-14,43.81999969482422,94,0.014249814292317087,1.4249814292317087
WEGE3.SA,2026-05-15,43.09999847412109,95,-0.01656736549653859,-1.6567365496538589
WEGE3.SA,2026-05-18,42.2400016784668,95,-0.020155282572043465,-2.0155282572043465
WEGE3.SA,2026-05-19,41.66999816894531,95,-0.013586277641870925,-1.3586277641870925
WEGE3.SA,2026-05-20,42.650001525878906,95,0.023245908221885436,2.3245908221885436
WEGE3.SA,2026-05-21,42.59000015258789,95,-0.0014078221966111748,-0.14078221966111748
WEGE3.SA,2026-05-22,42.75,95,0.0037497078649306737,0.37497078649306737
WEGE3.SA,2026-05-25,43.310001373291016,95,0.013014391552170768,1.3014391552170768
WEGE3.SA,2026-05-26,43.16999816894531,94,-0.003237819782534679,-0.3237819782534679
WEGE3.SA,2026-05-27,43.56999969482422,93,0.009223065972681521,0.9223065972681521
WEGE3.SA,2026-05-28,43.650001525878906,95,0.001834484117658075,0.1834484117658075
WEGE3.SA,2026-05-29,44.09999847412109,94,0.010256430609626221,1.0256430609626221
WEGE3.SA,2026-06-01,43.0099983215332,95,-0.025027140081762766,-2.5027140081762766
WEGE3.SA,2026-06-02,42.119998931884766,94,-0.02090994586369499,-2.090994586369499
WEGE3.SA,2026-06-03,41.9900016784668,95,-0.0030911272377993626,-0.30911272377993626
WEGE3.SA,2026-06-05,42.58000183105469,94,0.01395316779891198,1.395316779891198
WEGE3.SA,2026-06-08,44.16999816894531,94,0.03666108168569515,3.666108168569515
WEGE3.SA,2026-06-09,43.209999084472656,95,-0.02197385539773755,-2.197385539773755
WEGE3.SA,2026-06-10,42.16999816894531,95,-0.02436290441830513,-2.436290441830513
WEGE3.SA,2026-06-11,42.66999816894531,95,0.011787029950237837,1.1787029950237837
WEGE3.SA,2026-06-12,42.4900016784668,95,-0.004227260658565601,-0.42272606585656014
